0.jpg,norm
1.jpg,norm
2.jpg,defect2
3.jpg,norm
4.jpg,defect10
5.jpg,norm
6.jpg,defect9
7.jpg,defect10
8.jpg,norm
9.jpg,defect3
10.jpg,norm
11.jpg,defect6
12.jpg,norm
13.jpg,norm
14.jpg,norm
15.jpg,defect7
16.jpg,defect2
17.jpg,norm
18.jpg,defect6
19.jpg,defect11
20.jpg,norm
21.jpg,defect11
22.jpg,defect1
23.jpg,norm
24.jpg,defect4
25.jpg,defect4
26.jpg,norm
27.jpg,defect5
28.jpg,defect10
29.jpg,defect5
30.jpg,defect5
31.jpg,defect11
32.jpg,norm
33.jpg,defect10
34.jpg,defect5
35.jpg,defect10
36.jpg,defect2
37.jpg,defect11
38.jpg,defect11
39.jpg,defect11
40.jpg,defect2
41.jpg,defect1
42.jpg,defect5
43.jpg,norm
44.jpg,defect5
45.jpg,defect2
46.jpg,norm
47.jpg,norm
48.jpg,defect5
49.jpg,defect10
50.jpg,defect4
51.jpg,defect11
52.jpg,defect5
53.jpg,norm
54.jpg,norm
55.jpg,norm
56.jpg,defect2
57.jpg,defect5
58.jpg,defect6
59.jpg,defect10
60.jpg,defect1
61.jpg,norm
62.jpg,defect7
63.jpg,defect7
64.jpg,defect8
65.jpg,defect10
66.jpg,defect5
67.jpg,defect11
68.jpg,defect2
69.jpg,defect6
70.jpg,defect2
71.jpg,defect4
72.jpg,norm
73.jpg,norm
74.jpg,norm
75.jpg,norm
76.jpg,defect5
77.jpg,defect6
78.jpg,defect8
79.jpg,defect5
80.jpg,norm
81.jpg,defect7
82.jpg,defect5
83.jpg,defect4
84.jpg,defect4
85.jpg,defect3
86.jpg,defect5
87.jpg,defect11
88.jpg,norm
89.jpg,norm
90.jpg,defect3
91.jpg,defect10
92.jpg,norm
93.jpg,norm
94.jpg,norm
95.jpg,defect7
96.jpg,norm
97.jpg,norm
98.jpg,norm
99.jpg,defect5
100.jpg,defect5
101.jpg,defect10
102.jpg,defect10
103.jpg,defect10
104.jpg,defect11
105.jpg,norm
106.jpg,defect5
107.jpg,norm
108.jpg,defect3
109.jpg,defect10
110.jpg,defect4
111.jpg,defect5
112.jpg,norm
113.jpg,norm
114.jpg,defect5
115.jpg,defect6
116.jpg,defect1
117.jpg,defect11
118.jpg,defect6
119.jpg,defect10
120.jpg,defect5
121.jpg,defect4
122.jpg,defect11
123.jpg,defect10
124.jpg,norm
125.jpg,defect5
126.jpg,defect7
127.jpg,defect4
128.jpg,defect8
129.jpg,defect11
130.jpg,defect4
131.jpg,norm
132.jpg,defect5
133.jpg,defect10
134.jpg,defect11
135.jpg,defect10
136.jpg,norm
137.jpg,defect6
138.jpg,defect11
139.jpg,norm
140.jpg,defect5
141.jpg,defect2
142.jpg,defect9
143.jpg,norm
144.jpg,defect5
145.jpg,norm
146.jpg,defect8
147.jpg,defect7
148.jpg,norm
149.jpg,defect7
150.jpg,defect6
151.jpg,norm
152.jpg,defect6
153.jpg,norm
154.jpg,norm
155.jpg,defect5
156.jpg,defect6
157.jpg,norm
158.jpg,defect11
159.jpg,defect10
160.jpg,norm
161.jpg,defect10
162.jpg,defect2
163.jpg,norm
164.jpg,defect1
165.jpg,norm
166.jpg,defect2
167.jpg,defect3
168.jpg,defect5
169.jpg,defect4
170.jpg,defect7
171.jpg,defect1
172.jpg,defect9
173.jpg,defect2
174.jpg,norm
175.jpg,defect6
176.jpg,defect11
177.jpg,norm
178.jpg,defect11
179.jpg,defect1
180.jpg,norm
181.jpg,defect7
182.jpg,defect10
183.jpg,norm
184.jpg,defect5
185.jpg,defect8
186.jpg,defect5
187.jpg,defect5
188.jpg,defect5
189.jpg,norm
190.jpg,defect1
191.jpg,defect6
192.jpg,defect2
193.jpg,defect3
194.jpg,defect1
195.jpg,norm
196.jpg,defect4
197.jpg,defect6
198.jpg,norm
199.jpg,defect2
200.jpg,norm
201.jpg,defect6
202.jpg,defect7
203.jpg,defect10
204.jpg,defect5
205.jpg,defect5
206.jpg,defect11
207.jpg,defect11
208.jpg,defect8
209.jpg,defect6
210.jpg,defect2
211.jpg,defect8
212.jpg,norm
213.jpg,defect2
214.jpg,defect5
215.jpg,norm
216.jpg,defect2
217.jpg,defect6
218.jpg,norm
219.jpg,defect4
220.jpg,norm
221.jpg,defect9
222.jpg,defect11
223.jpg,defect6
224.jpg,defect2
225.jpg,defect6
226.jpg,defect10
227.jpg,defect5
228.jpg,defect2
229.jpg,norm
230.jpg,defect2
231.jpg,norm
232.jpg,defect5
233.jpg,defect9
234.jpg,defect11
235.jpg,defect4
236.jpg,norm
237.jpg,defect6
238.jpg,defect10
239.jpg,norm
240.jpg,norm
241.jpg,defect1
242.jpg,defect2
243.jpg,norm
244.jpg,defect10
245.jpg,norm
246.jpg,defect10
247.jpg,norm
248.jpg,defect2
249.jpg,defect4
250.jpg,norm
251.jpg,defect5
252.jpg,defect5
253.jpg,defect2
254.jpg,defect10
255.jpg,defect7
256.jpg,defect2
257.jpg,norm
258.jpg,defect7
259.jpg,defect1
260.jpg,defect6
261.jpg,defect2
262.jpg,defect4
263.jpg,defect5
264.jpg,defect2
265.jpg,norm
266.jpg,norm
267.jpg,norm
268.jpg,defect11
269.jpg,defect5
270.jpg,norm
271.jpg,defect2
272.jpg,defect1
273.jpg,defect5
274.jpg,norm
275.jpg,norm
276.jpg,defect10
277.jpg,defect6
278.jpg,defect5
279.jpg,norm
280.jpg,norm
281.jpg,defect10
282.jpg,norm
283.jpg,norm
284.jpg,defect10
285.jpg,defect2
286.jpg,norm
287.jpg,defect4
288.jpg,norm
289.jpg,defect5
290.jpg,defect11
291.jpg,defect4
292.jpg,defect9
293.jpg,defect3
294.jpg,norm
295.jpg,defect2
296.jpg,defect5
297.jpg,defect5
298.jpg,norm
299.jpg,defect11
300.jpg,defect5
301.jpg,norm
302.jpg,norm
303.jpg,norm
304.jpg,defect9
305.jpg,defect4
306.jpg,norm
307.jpg,defect6
308.jpg,norm
309.jpg,defect2
310.jpg,defect3
311.jpg,norm
312.jpg,defect2
313.jpg,defect2
314.jpg,defect10
315.jpg,defect5
316.jpg,defect2
317.jpg,defect2
318.jpg,defect4
319.jpg,norm
320.jpg,defect5
321.jpg,norm
322.jpg,defect11
323.jpg,defect4
324.jpg,defect1
325.jpg,defect9
326.jpg,defect5
327.jpg,norm
328.jpg,defect11
329.jpg,norm
330.jpg,norm
331.jpg,defect10
332.jpg,defect11
333.jpg,defect5
334.jpg,norm
335.jpg,norm
336.jpg,defect2
337.jpg,defect10
338.jpg,defect5
339.jpg,defect5
340.jpg,norm
341.jpg,norm
342.jpg,defect8
343.jpg,defect9
344.jpg,defect5
345.jpg,defect5
346.jpg,norm
347.jpg,defect2
348.jpg,defect6
349.jpg,norm
350.jpg,norm
351.jpg,norm
352.jpg,defect2
353.jpg,norm
354.jpg,defect3
355.jpg,defect10
356.jpg,norm
357.jpg,defect5
358.jpg,defect5
359.jpg,defect4
360.jpg,defect10
361.jpg,defect5
362.jpg,defect9
363.jpg,defect4
364.jpg,defect2
365.jpg,norm
366.jpg,norm
367.jpg,defect9
368.jpg,defect8
369.jpg,defect2
370.jpg,defect6
371.jpg,defect6
372.jpg,norm
373.jpg,defect6
374.jpg,norm
375.jpg,defect2
376.jpg,defect2
377.jpg,defect6
378.jpg,norm
379.jpg,defect6
380.jpg,defect2
381.jpg,defect7
382.jpg,defect2
383.jpg,defect10
384.jpg,defect3
385.jpg,defect10
386.jpg,norm
387.jpg,defect10
388.jpg,defect5
389.jpg,defect5
390.jpg,defect5
391.jpg,norm
392.jpg,defect2
393.jpg,defect5
394.jpg,norm
395.jpg,defect2
396.jpg,defect10
397.jpg,norm
398.jpg,defect8
399.jpg,defect5
400.jpg,norm
401.jpg,norm
402.jpg,defect2
403.jpg,defect10
404.jpg,norm
405.jpg,norm
406.jpg,defect11
407.jpg,defect5
408.jpg,defect6
409.jpg,defect1
410.jpg,defect6
411.jpg,defect5
412.jpg,norm
413.jpg,defect5
414.jpg,defect5
415.jpg,defect2
416.jpg,norm
417.jpg,defect10
418.jpg,norm
419.jpg,defect6
420.jpg,defect3
421.jpg,defect4
422.jpg,defect11
423.jpg,defect11
424.jpg,defect10
425.jpg,defect4
426.jpg,norm
427.jpg,defect10
428.jpg,norm
429.jpg,defect3
430.jpg,norm
431.jpg,defect5
432.jpg,defect5
433.jpg,defect6
434.jpg,defect7
435.jpg,defect8
436.jpg,defect4
437.jpg,defect4
438.jpg,defect5
439.jpg,defect4
